,등급,구분 내역,상세 내역,,,가동 유.무,Part 수급,AS 대응,Remark,,,,
,A,Maker AS,現 가동설비 / 제조사 AS 가능,,,O,O,O,"가동 유무:   ○: 현 가동중,  △ : Part 구매 또는 수리후 가동,  X: 가동 불가",,,,
,B,Local AS,現 가동설비 / 현지 AS 업체 수배 필요,,,O,O,△,"Part 수급(운휴 장비로서 Part 수리후 가동 가능 장비):   ○: 수급 가능 ,   X: 수급 불가",,,,
,C,Part 구매 필요,現 운휴설비/Part 구매가능/ AS 대응 가능,,,△,O,O,"	AS 대응:   ○제조사 가능,  △ : 현지 업체 가능(수배 필요),  X: AS 불가 ",,,,
,D,AS 불가,現 가동설비 / AS 불가,,,O,O,X,,,,,
,E,Part 수급 불가,現 가동 설비 / Part 수급 불가 / AS 불가,,,O,X,X,,,,,
,,,,,,,,,,,,,
,,,,,,,,,,,,,
,,,,,,,,,,,,,
Site,공정,세부공정,보유 대수,Teaser,주요 내용,JV필요,이관가능,평가결과,Bal.,사유,JV 투자 필요 대수,,점검 포인트
평택,Bump,Sputter,3,2,,2,2,D,,,,,
,,PR Coating,2,1,JV 투자 반영,1,,,(1),기존 투자계획 반영,1,,
,,Stepper,2,1,JV 투자 반영,2,1,D,,,1,,
,,Develop,4,2,,2,1,D,(1),NDDI전환,1,,
,,Descum,2,1,,1,,,(1),NDDI전환,1,,
,,Au Plating,11,6,,6,6,D,,,,,
,,PR Strip,3,1,,2,2,E,1 ,,,,
,,Au Etch,2,1,JV 투자 반영,1,,E,(1),기존 투자계획 반영,1,,
,,TiW Etch,2,,,1,,E,,,1,,
,,Anneal,4,1,,4,3,D,2 ,,1,,
,,Scrubber,4,1,,1,1,D,,,,,
구미,COF,Lami,1,,COG 장비 공용 사용 가정,1,,,,,1,,
,,BG,2,,COG 장비 공용 사용 가정,1,,,,,1,,
,,Laser Marking,2,2,COG 장비 공용 사용 가정,1,,,(2),COG 이관 가능 1대 보유 (실제 이관 가능 여부는 확인 필요),1,,Device Mix 변화에 따른 필요 장비 대수 1대 감소
,,Wafer Mount(장),1,1,,1,,,(1),전력반도체 공용 사용,1,,Manual Mount & Wafer Mount 둘다 필요??
,,Manual Mount(장),2,,,1,1,,1 ,,,,
,,Saw,28,18,,12,12,A,(6),Device 변경에 따른 대수 변경,,,P2 이관에 따른 현황은 재점검 필요
,,UV,1,2,,1,,,(2),기존 3대보유였으나 현재 1대,1,,기존 DB 작성 시점에 3대 → 보유 대수 감소 사유는 확인 필요
,,ILB_1세대,6,6,,6,6,E,,,,,
,,ILB_2세대,17,17,,15,15,E,(2),Device 변경에 따른 대수 변경,,,
,,ILB_3세대,45,17,,13,13,A,(4),Device 변경에 따른 대수 변경,,,중장기 물동 고려시 최대 이관 대수는 몇대?
,,POT(pcs),56,33,,26,19,E,(14),Device 변경에 따른 대수 변경,7,,
,,OVEN(pcs),32,20,,18,18,D,(2),Device 변경에 따른 대수 변경,,,
,,Auto Rewinder(pcs),6,3,,3,3,E,,,,,
,,Manual Rewinder(pcs),2,4,,1,1,E,(3),Device 변경에 따른 대수 변경,,,기존 DB 작성 시점에 3대 → 보유 대수 감소 사유는 확인 필요
,,Ink Mark,5,4,,,,,(4),Device 변경에 따른 대수 변경,,,필요 없으면 보낸다고 해도 되는 거 아닌가?
,,Roll to Roll LMK(pcs),1,1,,1,1,A,,,,,
,,Roll to Roll LMK(pcs),6,3,,2,2,C,(1),Device 변경에 따른 대수 변경 (현재 운휴 설비),,,
,,TA-NDK,5,1,,,,,(1),Device 변경에 따른 대수 변경,,,T/A 설비는 Full Line-up 고려 1대는 보내야 하는거 아닌가?
,,TA-CUON_Single,2,1,,,,,(1),Device 변경에 따른 대수 변경,,,T/A 설비는 Full Line-up 고려 1대는 보내야 하는거 아닌가?
구미,COF test,T6372 (ND2),5,5,,1,1,B,(5),Device 변경에 따른 대수 변경,,,ND2 이관 가능 여유 장비가 없는 건가? 안성에도 없나??
,,T6373 (ND3),32,25,,17,17,B,(8),Device 변경에 따른 대수 변경,,,
,,T6391C (ND4C),4,3,,,,,(3),Device 변경에 따른 대수 변경,,,
,,ST6730,4,2,,,,,(2),Device 변경에 따른 대수 변경,,,이관 가능하면 이것도 보낼 수 있는거 아닌가??
,,TS670,2,1,,,,,(1),Device 변경에 따른 대수 변경,,,이관 가능하면 이것도 보낼 수 있는거 아닌가??
,,AVI (1세대),14,9,,4,4,B,(5),Device 변경에 따른 대수 변경,,,
,,AVI (2세대),11,8,,9,9,B,1 ,Device 변경에 따른 대수 변경,,,
구미,Wafer test,T6373 (ND3)_구미,6,,,4,4,,4 ,,,,
안성,Wafer test,T6373 (ND3)_안성,35,25,,5,5,B,(20),Device 변경에 따른 대수 변경,,,
구미,Wafer test,T6391C (ND4C)_구미,18,,,2,2,,2 ,"구미 ND4 반영, 제외 예정",,,
안성,Wafer test,T6391C (ND4C)_안성,76,15,,14,,,(15),ND4 제외,14,,
평택,COG,Lami,1,1,JV 투자 반영,1,,,(1),DDI/NDDI 분리 운영으로 1대 운영중,1,,"2대 보유로 추정 (확인 필요), But DDI, NDDI 분리 운영에 따른 여유 장비 없음 ▶ 통합 운영을 하면 1대 보낼 수 있는지 확인 필요"
,,BG,5,2,,3,1,,(1),NDDI전환,2,,평가 결과 Update 필요
,,LM,3,2,,2,1,,(1),NDDI전환,1,,평가 결과 Update 필요
,,Saw,25,13,,14,,,(13),NDDI전환,14,,"NDDI 전환이 Fact인지는 확인 필요, 이설 가능 대수는 추가 확인 필요 ▶ 신규 투자 필요 대수도 연동해서 변경됨"
,,UV,2,,점검 누락,2,1,,1 ,,1,,평가 결과 Update 필요
,,P&P,23,13,,13,13,D,,,,,
,,AVI,13,9,,10,10,D,1 ,,,,
,,Packing,1,1,JV 투자 반영,1,,,(1),기존투자 계획 반영,1,,
,총합계,,,,,,,,,,,,
,,,,,,,,,,,,,
,,,,,,,,,,,,,
,,,,,,,,,,,,,
